card_name,issuer,card_type,annual_fee,annual_fee_year_1,annual_fee_year_2_plus,reward_model,rewards_type,card_family,cashback_rate_display,cashback_rate_effective,signup_bonus,signup_bonus_type,estimated_bonus_value_usd,minimum_spend_amount,bonus_to_spend_ratio,spend_time_frame,intro_apr_purchase,foreign_tx_fee,best_for,why_this_card_exiss,pros,cons,application_link,ftf,lounge,ge_tsa_precheck,special_feature_1,special_feature_2
Chase Freedom Unlimited,Chase,personal,0,0,0,cashback,Cash,Freedom ,5 / 3 / 1.5,1.8,200,dollars,200,$500,0.4000,3,0% for 15 months,Yes,Everyday spending with no annual fee and solid category bonuses,Bridges no-fee simplicity with Chase Ultimate Rewards ecosystem for future flexibility,â€¢ 5% rotating categories (quarterly) âœ“ â€¢ 1.5% base rate âœ“ â€¢ Pairs with Sapphire âœ“,â€¢ Foreign transaction fee ğŸŒ â€¢ Quarterly activation required â€¢ Bonus caps,https://creditcards.chase.com/cash-back-credit-cards/freedom/unlimited,3%,,,6mo DashPass,$10/qtr DoorDash
Chase Freedom Flex,Chase,personal,0,0,0,cashback,Cash,Freedom ,5 / 3 / 1,1.6,200,dollars,200,$500,0.4000,3,0% for 15 months,Yes,Maximizing quarterly 5% categories without annual fee,Offers high earning potential in rotating categories for organized spenders,"â€¢ 5% quarterly rotating categories âœ“ â€¢ 3% drugstores, dining âœ“ â€¢ No annual fee âœ“","â€¢ Quarterly activation required â€¢ $1,500/qtr cap â€¢ Foreign transaction fee ğŸŒ",https://creditcards.chase.com/cash-back-credit-cards/freedom/flex,3%,,,Cell phone protection,6mo DashPass
Chase Amazon Prime Visa,Chase,personal,0,0,0,cashback,Cash,,5 / 2 / 1,1.8,150,dollars,150,$0,,0,,No,Heavy Amazon shoppers and Prime members,Captures Amazon's massive user base with best-in-class earning on Amazon purchases,"â€¢ 5% Amazon and Whole Foods âœ“ â€¢ 2% restaurants, gas, drugstores âœ“ â€¢ No annual fee âœ“",â€¢ Requires Prime membership âš ï¸ â€¢ Foreign transaction fee ğŸŒ â€¢ Value drops without Prime,https://creditcards.chase.com/cash-back-credit-cards/amazon/prime,0%,,,$150 gift card on approval,
Chase Freedom Rise,Chase,personal,0,0,0,cashback,Cash,Freedom ,1.5,1.5,0,,0,$0,,0,,Yes,Credit builders seeking simple flat-rate rewards,Entry point into Chase ecosystem for customers with limited or rebuilding credit,â€¢ No annual fee âœ“ â€¢ Fair-credit approval âœ“ â€¢ 1.5% earning âœ“,â€¢ Low 1.5% rate â€¢ Foreign transaction fee ğŸŒ â€¢ No intro APR,https://creditcards.chase.com/cash-back-credit-cards/freedom/rise,3%,,,$25 for autopay enrollment,
Chase Sapphire Preferred,Chase,personal,95,95,95,travel,Ultimate Rewards (UR),Sapphire ,,0.5,75000,points,750,"$5,000",0.1500,3,,No,Travelers wanting premium perks without luxury-tier fees,Gateway travel card balancing strong earning transfer partners and manageable annual fee,"â€¢ 60k+ welcome bonus âœ“ â€¢ Transferable to 14+ partners âœ“ â€¢ 3Ã— dining, 2Ã— travel âœ“",â€¢ $95 annual fee ğŸ’° â€¢ Less lounge access than Reserve â€¢ Portal favors Chase,https://creditcards.chase.com/rewards-credit-cards/sapphire/preferred,0%,,,$50 hotel credit/yr,10% anniversary bonus
Chase Sapphire Reserve,Chase,personal,795,795,795,travel,Ultimate Rewards (UR),Sapphire ,,0.5,125000,points,1250,"$6,000",0.2083,3,,No,Frequent travelers who value lounge access and premium travel benefits,Flagship personal travel card for customers prioritizing experience over cost,â€¢ $300 travel credit âœ“ â€¢ Priority Pass lounges âœ“ â€¢ 1.5Ã— portal boost âœ“,â€¢ $795 annual fee ğŸ’° â€¢ Needs heavy travel to justify â€¢ Credits need optimization,https://creditcards.chase.com/rewards-credit-cards/sapphire/reserve,0%,Priority Pass + Chase lounges,Yes ($120/4yr),$300 travel credit,$500 The Edit hotel credit
Chase Ink Cash,Chase,business,0,0,0,cashback,Cash,Ink ,5 / 2 / 1,2.0,750,dollars,750,"$6,000",0.1250,3,0% for 12 months,No,Small businesses with heavy office supply telecom or gas spending,Maximizes cash back in core small-business spend categories without annual cost,"â€¢ 5% office, internet, cable, phone âœ“ â€¢ 2% gas, dining âœ“ â€¢ No annual fee âœ“",â€¢ 5% capped at $25k/yr â€¢ Foreign transaction fee ğŸŒ â€¢ Weak outside categories,https://creditcards.chase.com/business-credit-cards/ink/cash,0%,,,5% Lyft thru 9/27,
Chase Ink Unlimited,Chase,business,0,0,0,cashback,Cash,Ink ,1.5,1.5,750,dollars,750,"$6,000",0.1250,3,0% for 12 months,No,Businesses wanting simple flat-rate cash back on all purchases,Simplifies business spend tracking with unlimited flat earning and no annual fee,â€¢ 1.5% on all purchases âœ“ â€¢ No annual fee âœ“ â€¢ Doesn't count toward 5/24 âœ“,â€¢ No category bonuses â€¢ Foreign transaction fee ğŸŒ â€¢ Lower earning ceiling,https://creditcards.chase.com/business-credit-cards/ink/unlimited,0%,,,5% Lyft thru 9/27,
United Gateway Card,Chase,personal,0,0,0,airline,United Miles,United ,2 / 1,1.4,30000,miles,300,"$1,000",0.3000,3,0% for 12 months,No,Occasional United flyers wanting United perks without annual fee commitment,Brings United co-brand benefits to cost-conscious travelers flying a few times per year,â€¢ No annual fee âœ“ â€¢ 2Ã— United âœ“ â€¢ Bonus miles on anniversary âœ“,â€¢ No free checked bag âœˆï¸ â€¢ Smaller welcome bonus â€¢ Limited perks,https://creditcards.chase.com/travel-credit-cards/united/gateway,0%,,,2 checked bags after $10k/yr,25% back inflight
United Club Infinite Card,Chase,personal,695,695,695,airline,United Miles,United ,4 / 2 / 1,0.5,90000,miles,900,"$5,000",0.1800,3,,No,Road warriors flying United weekly who live in United Club lounges,Top-tier United card for heavy flyers needing premium lounge access and elite-qualifying benefits,â€¢ United Club included (~$650 value) âœ“ â€¢ 4Ã— United âœ“ â€¢ Free checked bags âœ“,â€¢ $695 annual fee ğŸ’° â€¢ Needs frequent United travel â€¢ Niche outside United hubs,https://creditcards.chase.com/travel-credit-cards/united/united-club-infinite,0%,United Club included,Yes ($120/4yr),Free 1st+2nd checked bags,Over $875 annual credits
Southwest Rapid Rewards Priority,Chase,personal,149,149,149,airline,Southwest Rapid Rewards,Southwest ,4 / 2 / 1,0.5,75000,miles,750,"$1,000",0.7500,3,,No,Regular Southwest flyers seeking annual credits and anniversary points,Mid-premium Southwest card balancing cost and perks for several trips per year,"â€¢ $75 Southwest credit âœ“ â€¢ 7,500 anniversary pts âœ“ â€¢ 4Ã— Southwest âœ“ â€¢ No foreign transaction fee âœ“",â€¢ $149 annual fee ğŸ’° â€¢ Needs regular Southwest use â€¢ Credits expire annually,https://creditcards.chase.com/travel-credit-cards/southwest/priority,0%,,,$75 Southwest credit,"7,500 pts anniversary"
Southwest Rapid Rewards Premier,Chase,personal,149,149,149,airline,Southwest Rapid Rewards,Southwest ,3 / 2 / 1,0.5,50000,miles,500,"$1,000",0.5000,3,,No,Southwest loyalists building toward Companion Pass on a budget,Entry co-brand for Southwest ecosystem and Companion Pass qualification via spend,"â€¢ 6,000 anniversary pts âœ“ â€¢ 3Ã— Southwest âœ“ â€¢ Companion Pass qualification âœ“",â€¢ $149 annual fee ğŸ’° â€¢ Fewer perks than Priority â€¢ Best with Companion Pass goal,https://creditcards.chase.com/southwest/premier-credit-card,0%,,,"6,000 pts anniversary",15% flight discount yearly
Marriott Bonvoy Bountiful,Chase,personal,250,250,250,hotel,Marriott Bonvoy Points,Marriott ,6 / 4 / 2,0.5,85000,points,283,"$4,000",0.0707,3,,No,Frequent Marriott guests wanting automatic status and annual free night,Premium Marriott card delivering Silver Elite status and flexible points earning across travel/dining,"â€¢ 6Ã— Marriott âœ“ â€¢ 4Ã— dining, 2Ã— travel âœ“ â€¢ Free night (50k pts) âœ“",â€¢ $250 annual fee ğŸ’° â€¢ Free night caps at 50k â€¢ Marriott-only value,https://creditcards.chase.com/travel-credit-cards/marriott-bonvoy/bountiful,0%,,,Free night after $15k (50k pts),"15 Elite Night Credits, Gold Elite"
IHG One Rewards Premier,Chase,personal,99,99,99,hotel,IHG One Rewards,IHG ,10 / 5 / 3 / 1,0.6,175000,points,583,"$5,000",0.1166,3,,No,Regular IHG guests seeking Platinum status and strong hotel multipliers,Delivers outsized IHG earning and status perks at accessible annual fee,â€¢ 10Ã— IHG âœ“ â€¢ Free night (40k pts) âœ“ â€¢ Platinum Elite status âœ“,â€¢ $99 annual fee ğŸ’° â€¢ Free night â‰¤40k only â€¢ IHG loyalty needed,https://creditcards.chase.com/travel-credit-cards/ihg-rewards-club/premier,0%,,Yes ($120/4yr),Anniversary free night (40k),$100+10k pts after $20k/yr
IHG One Rewards Traveler,Chase,personal,0,0,0,hotel,IHG One Rewards,IHG ,5 / 3 / 2 / 1,0.4,90000,points,300,"$2,000",0.1500,3,,No,Casual IHG guests wanting no-fee hotel earning and some bonus categories,Entry IHG card for occasional hotel stays without ongoing cost commitment,"â€¢ No annual fee âœ“ â€¢ 5Ã— IHG âœ“ â€¢ 3Ã— gas, dining âœ“",â€¢ No free night â€¢ No elite status â€¢ Lower value than Premier,https://creditcards.chase.com/travel-credit-cards/ihg-rewards-club/traveler,0%,,,Silver Elite; up to 120k with 3x bonus,10k pts after $10k/yr; 4th night free
Chase Sapphire Reserve for Business,Chase,business,795,795,795,travel,Ultimate Rewards (UR),Sapphire ,,0.5,150000,points,1500,"$20,000",0.0750,3,,No,Business owners with heavy travel spend needing premium protections and lounge access,Business version of flagship Reserve delivering same premium travel experience with business expense tracking,â€¢ $300 travel credit âœ“ â€¢ Priority Pass âœ“ â€¢ Doesn't count toward 5/24 âœ“,â€¢ $795 annual fee ğŸ’° â€¢ Needs high travel spend â€¢ Overlaps personal Reserve,https://creditcards.chase.com/business-credit-cards/sapphire/reserve,0%,Priority Pass + Chase lounges,Yes ($120/4yr),$300 travel credit,$500 The Edit + DoorDash $420
Ink Business Preferred Credit Card,Chase,business,95,95,95,travel,Ultimate Rewards (UR),Ink ,,0.5,90000,points,900,"$8,000",0.1125,3,,No,Small businesses maximizing Ultimate Rewards points on common expense categories,Flagship Ink card optimized for points earning on internet shipping advertising and travel,"â€¢ 100k+ welcome bonus âœ“ â€¢ 3Ã— travel, shipping, internet, ads âœ“ â€¢ Transferable UR âœ“ â€¢ Doesn't count 5/24 âœ“",â€¢ $95 annual fee ğŸ’° â€¢ 3Ã— capped at $150k/yr â€¢ Tied to Chase UR partners,https://creditcards.chase.com/business-credit-cards/ink/preferred,0%,,,5x Lyft thru 9/27,"12mo DashPass, $10/mo DoorDash"
Ink Business Premier Credit Card,Chase,business,195,195,195,cashback,Cash,Ink ,2.5 / 2,2.2,1000,dollars,1000,"$10,000",0.1000,3,,No,High-spend businesses wanting simple cash back on large purchases,Premium cash-back Ink optimized for businesses making frequent large transactions ($5k+),"â€¢ 2.5% on â‰¥$5k purchases âœ“ â€¢ 2% elsewhere âœ“ â€¢ $1,000 welcome bonus âœ“","â€¢ $195 annual fee ğŸ’° â€¢ Cash only, no transfers â€¢ Needs high spend to justify",https://creditcards.chase.com/business-credit-cards/ink/premier,0%,,,Cell phone protection,2.5% on $5k+ purchases
United Business Card,Chase,business,0,0,150,airline,United Miles,United ,2 / 1.5 / 1,0.5,100000,miles,1000,"$5,000",0.2000,3,,No,Small businesses with moderate United travel seeking strong welcome bonus and perks,Brings United co-brand earning and benefits to business travelers at accessible cost,â€¢ First year free âœ“ â€¢ 100k+ welcome bonus âœ“ â€¢ Free checked bag âœ“ â€¢ Doesn't count 5/24 âœ“,â€¢ $150 after year one ğŸ’° â€¢ Best with regular United travel â€¢ Fewer perks than Club,https://creditcards.chase.com/business-credit-cards/united/united-business-card,0%,,,2 United Club passes/yr,Over $600 partner credits
United Club Business Card,Chase,business,695,695,695,airline,United Miles,United ,4 / 2 / 1,0.5,100000,miles,1000,"$5,000",0.2000,3,,No,Businesses with weekly United travel needing lounge access and premium benefits,Premium United business card delivering United Club membership and elevated earning,â€¢ United Club included âœ“ â€¢ 4Ã— United âœ“ â€¢ Free bags âœ“ â€¢ Doesn't count 5/24 âœ“,â€¢ $695 annual fee ğŸ’° â€¢ Needs very frequent United travel â€¢ Niche outside United hubs,https://creditcards.chase.com/business-credit-cards/united/united-club-business,0%,United Club included,,Free 1st+2nd checked bags,Over $925 partner credits
Southwest Rapid Rewards Performance Business,Chase,business,299,299,299,airline,Southwest Rapid Rewards,Southwest ,4 / 3 / 2 / 1,0.5,80000,miles,1200,"$5,000",0.2400,3,,No,Businesses building large Southwest point balances and pursuing Companion Pass,Top-tier Southwest business card packed with credits anniversary points and huge welcome bonus,"â€¢ 80k welcome bonus âœ“ â€¢ 9,000 anniversary pts âœ“ â€¢ Wi-Fi, upgraded boarding âœ“",â€¢ $299 annual fee ğŸ’° â€¢ Credits need active use â€¢ Tied to Southwest,https://creditcards.chase.com/southwest/performance-business-credit-card,0%,,Yes ($120/4yr),"9,000 pts anniversary","Preferred seat at booking, Extra Legroom"
Southwest Rapid Rewards Premier Business,Chase,business,149,149,149,airline,Southwest Rapid Rewards,Southwest ,3 / 2 / 1,0.5,60000,miles,900,"$3,000",0.3000,3,,No,Small businesses flying Southwest occasionally and contributing to Companion Pass,Entry Southwest business card balancing cost and Companion Pass qualification,"â€¢ 6,000 anniversary pts âœ“ â€¢ 3Ã— Southwest âœ“ â€¢ Companion Pass qualification âœ“",â€¢ $149 annual fee ğŸ’° â€¢ Fewer perks than Performance â€¢ Best with Companion Pass,https://creditcards.chase.com/business-credit-cards/southwest/premier-business,0%,,,"6,000 pts anniversary",15% flight discount; Preferred seat within 48hrs
IHG One Rewards Premier Business,Chase,business,99,99,99,hotel,IHG One Rewards,IHG ,10 / 5 / 3 / 1,0.6,140000,points,466,"$4,000",0.1165,3,,No,Businesses with regular IHG stays seeking Platinum status and strong multipliers,Business version of IHG Premier delivering same hotel perks with expense separation,â€¢ 10Ã— IHG âœ“ â€¢ Free night (40k pts) âœ“ â€¢ Platinum Elite status âœ“,â€¢ $99 annual fee ğŸ’° â€¢ Free night caps at 40k â€¢ IHG loyalty needed,https://creditcards.chase.com/business-credit-cards/ihg/rewards-premier-business,0%,,Yes ($120/4yr),Anniversary free night (40k),$100+10k pts after $20k/yr; 4th night free
World of Hyatt Business Credit Card,Chase,business,199,199,199,hotel,World of Hyatt Points,,4 / 2 / 1,0.6,60000,points,200,"$1,000",0.2000,3,,No,Businesses loyal to Hyatt properties wanting elite nights via card spend,Hyatt business card offering unique ability to earn elite qualifying nights through spending,â€¢ 5 elite nights per $10k spend âœ“ â€¢ 4Ã— Hyatt âœ“ â€¢ Doesn't count toward 5/24 âœ“,â€¢ $199 annual fee ğŸ’° â€¢ Hyatt footprint only â€¢ Elite caps,https://creditcards.chase.com/business-credit-cards/hyatt/business,0%,,,$100 Hyatt credits ($50 x2); Discoverist + 5 employees,5 Tier Nights per $10k; 10% pts back after $50k
Citi Double Cash,Citi,personal,0,0,0,cashback,Cash,,2,2.0,200,dollars,200,$500,0.4000,3,0% for balance transfers,Yes,Straightforward 2% cash back on everything without tracking categories or caps,Market-leading flat-rate cash back for set-it-and-forget-it earners who want simplicity,â€¢ 2% on all purchases âœ“ â€¢ No annual fee âœ“ â€¢ 0% balance transfer intro,â€¢ Foreign transaction fee ğŸŒ â€¢ Must pay balance for 2nd 1% â€¢ Statement credit only,https://www.citi.com/credit-cards/citi-double-cash-credit-card,3%,,,5% hotels/cars/attractions via Citi Travel,
Citi Custom Cash,Citi,personal,0,0,0,cashback,Cash,,5 / 1,2.2,200,dollars,200,$500,0.4000,3,0% for balance transfers,Yes,Automatic 5% back on your top spending category each month up to $500,Hands-off high earning that detects your top spend category without manual activation,â€¢ 5% top category (up to $500/mo) âœ“ â€¢ No annual fee âœ“ â€¢ No FX fee âœ“,â€¢ 5% capped at $500/mo â€¢ Can't choose category â€¢ Statement credit only,https://www.citi.com/credit-cards/citi-custom-cash-credit-card,3%,,,4% hotels/cars/attractions via Citi Travel,
Citi Strata Premier,Citi,personal,95,95,95,travel,Thank You Points (TYP),Strata ,,0.5,60000,points,600,"$3,000",0.2000,3,,No,Travelers wanting transferable points with strong dining travel and gas multipliers,Mid-tier travel card offering Citi ThankYou points with airline/hotel transfer partners at accessible annual fee,"â€¢ 3Ã— dining, travel, gas, supermarkets âœ“ â€¢ Transfer to 18+ partners âœ“ â€¢ $100 hotel credit",â€¢ $95 annual fee ğŸ’° â€¢ Partners weaker vs Chase/Amex ğŸ“‰ â€¢ Hotel credit needs spend,https://www.citi.com/credit-cards/citi-strata-premier-credit-card,0%,,,10Ã— hotels/cars/attractions (Citi Travel),$100 hotel credit ($500+ stay)
Citi AAdvantage Platinum Select World Elite Mastercard,Citi,personal,99,0,99,airline,AAdvantage Miles,American ,2 / 1,0.5,80000,miles,800,"$3,500",0.2286,4,,No,Regular American Airlines flyers wanting free checked bags and priority boarding,Core AA co-brand delivering essential flight perks for frequent AA travelers at mid-tier price,"â€¢ 2Ã— AA, dining, gas âœ“ â€¢ Free checked bag âœ“ â€¢ No FX fee âœ“",â€¢ $99 annual fee ğŸ’° â€¢ Best with 4+ AA trips/yr â€¢ AAdvantage devaluation risk âš ï¸,https://creditcards.aa.com/credit-cards/citi-platinum-card-american-airlines-direct/,0%,,,Free checked bag + 4 companions,25% inflight savings; $125 flight discount after $20k
Citi AAdvantage Globe Mastercard,Citi,personal,350,350,350,airline,AAdvantage Miles,American ,2 / 1,0.5,90000,miles,900,"$5,000",0.1800,4,,No,Premium AA flyers wanting lounge passes and strong earn without Executive-tier fee,Mid-tier AA card with 4 Admirals Club passes and elevated earning,â€¢ 90k bonus âœ“ â€¢ 4 Admirals Club passes/yr âœ“ â€¢ 6Ã— hotels â€¢ 3Ã— AA âœ“,â€¢ $350 annual fee ğŸ’° â€¢ Best with regular AA travel â€¢ Globe revamped 2025,https://creditcards.aa.com/credit-cards/citi-globe-card-american-airlines-direct/,0%,4 Admirals Club passes/yr,Yes ($120/4yr),Companion certificate (yr 2+); Free bag +8 companions,$100 Splurge + $240 Turo + $100 inflight credits
Citi AAdvantage Executive World Elite Mastercard,Citi,personal,595,595,595,airline,AAdvantage Miles,American ,2 / 1,0.5,100000,miles,1000,"$10,000",0.1000,3,,No,Elite AA travelers flying 10+ times per year needing Admirals Club lounge access,Premium AA card delivering full lounge membership for frequent business travelers and AA loyalists,â€¢ Admirals Club included (~$650) âœ“ â€¢ Free checked bag â€¢ No FX fee âœ“,â€¢ $595 annual fee ğŸ’° â€¢ Best with 8+ AA trips/yr â€¢ AAdvantage risk âš ï¸,https://creditcards.aa.com/credit-cards/citi-executive-card-american-airlines-direct/,0%,Admirals Club included,Yes ($120/4yr),"10Ã— hotels/cars (aadvantagehotels.com, aadvantagecars.com)",4Ã— AA; $120 Avis/Budget + Lyft + Grubhub credits
Citi Strata Elite Credit Card,Citi,personal,195,195,195,travel,Thank You Points (TYP),Strata ,,0.5,80000,points,800,"$3,000",0.2667,3,,No,High spenders wanting premium travel perks and dining/entertainment credits with Citi points,Top-tier Citi travel card with elevated earn rates statement credits and transfer flexibility,"â€¢ 5Ã— travel via Citi portal âœ“ â€¢ 3Ã— dining, entertainment, gas âœ“ â€¢ $100 hotel + $50 credits",â€¢ $195 annual fee ğŸ’° â€¢ Credits need tracking â€¢ Partners weaker vs Chase/Amex ğŸ“‰,https://www.citi.com/credit-cards/citi-strata-elite-credit-card,0%,Priority Pass Select + 4 Admirals Club passes,Yes ($120/4yr),$300 hotel + $200 Splurge + $200 Blacklane credits,12Ã— Citi Travel; 6Ã— AA (Citi Travel); 6Ã— Citi Nights dining
Citi Strata Credit Card,Citi,personal,0,0,0,travel,Thank You Points (TYP),Strata ,,0.5,30000,points,300,"$3,000",0.1000,3,,No,Entry-level travelers wanting transferable points without annual fee commitment,No-fee access to Citi ThankYou transferable points for casual travelers building flexibility,"â€¢ No annual fee âœ“ â€¢ Transfer to airlines/hotels âœ“ â€¢ 2Ã— dining, travel",â€¢ Lower earn vs Premier/Elite â€¢ Foreign transaction fee ğŸŒ â€¢ Fewer partners,https://www.citi.com/credit-cards/citi-strata-credit-card,3%,,,5Ã— Citi Travel; 3Ã— self-select category,Intro APR on purchases and balance transfers
Citi Diamond Preferred Credit Card,Citi,personal,0,0,0,balance_transfer,,,,0.0,0,,0,$0,,0,0% for 21 months,Yes,Longest 0% intro APR for balance transfers in the market,Offers industry-leading 21-month intro period for debt consolidation and payoff plans,â€¢ 21-month 0% balance transfers âœ“ â€¢ No annual fee âœ“ â€¢ Industry-leading intro,â€¢ No rewards âš ï¸ â€¢ Balance transfer fee 3-5% â€¢ Foreign transaction fee ğŸŒ,https://www.citi.com/credit-cards/citi-diamond-preferred-credit-card,3%,,,21-month 0% balance transfers,21-month 0% purchases
Citi Simplicity Credit Card,Citi,personal,0,0,0,balance_transfer,,,,0.0,0,,0,$0,,0,0% for 21 months,Yes,0% intro APR with no late fees ever for stress-free credit management,Unique no-penalty structure with no late fees ever for users wanting payment flexibility and simplicity,â€¢ 21-month 0% APR âœ“ â€¢ No late fees ever âœ“ â€¢ No annual fee âœ“,â€¢ No rewards âš ï¸ â€¢ Foreign transaction fee ğŸŒ â€¢ Debt payoff only,https://www.citi.com/credit-cards/citi-simplicity-credit-card,3%,,,No late fees ever,No penalty APR
Citi AAdvantage MileUp Card,Citi,personal,0,0,0,airline,AAdvantage Miles,American ,2 / 1,0.5,15000,miles,150,$500,0.3000,3,,No,Light AA flyers who also want bonus earning on groceries without annual fee,Hybrid card blending AA airline earning with grocery category bonus for everyday value,"â€¢ No annual fee âœ“ â€¢ 2Ã— groceries, gas âœ“ â€¢ Milestone bonuses âœ“",â€¢ Lower AA earn â€¢ No free bag âœˆï¸ â€¢ Smaller bonus,https://creditcards.aa.com/credit-cards/citi-mileup-card-american-airlines-direct/,3%,,,25% inflight food/beverage savings,
Citi Secured Mastercard,Citi,personal,0,0,0,credit_building,,,,0.0,0,,0,$0,,0,,Yes,Building or rebuilding credit with a secured deposit and path to unsecured card,Secured card designed for credit establishment with low barrier to entry and upgrade potential,â€¢ Low deposit âœ“ â€¢ Reports to all bureaus âœ“ â€¢ Path to unsecured â€¢ No annual fee âœ“,â€¢ No rewards âš ï¸ â€¢ Security deposit required â€¢ Foreign transaction fee ğŸŒ,https://www.citi.com/credit-cards/citi-secured-credit-card,3%,,,"Security deposit $200-$2,500",Path to unsecured
Costco Anywhere Visa Business Card by Citi,Citi,business,0,0,0,cashback,Cash,,4 / 3 / 2 / 1,2.3,0,,0,$0,,0,,Yes,Businesses with Costco membership and high gas/travel/dining spend,Business version of Costco's strong category card optimized for warehouse and business travel,"â€¢ 4% gas (up to $7k/yr) âœ“ â€¢ 3% restaurants, travel âœ“ â€¢ 2% Costco â€¢ No card fee âœ“",â€¢ Requires Costco membership âš ï¸ â€¢ Rewards paid annually (Feb) â€¢ Foreign transaction fee ğŸŒ,https://www.citi.com/credit-cards/citi-costco-anywhere-visa-business-credit-card,0%,,,5% Costco gas; 4% other gas/EV (to $7k/yr),"3% restaurants, travel; 2% Costco; Rewards in Feb"
Citi AAdvantage Business World Elite Mastercard,Citi,business,99,0,99,airline,AAdvantage Miles,American ,2 / 1,0.5,65000,miles,650,"$4,000",0.1625,4,,No,Small businesses flying AA regularly for meetings clients or conferences,AA business card delivering strong earning on common business categories and flight perks,"â€¢ 2Ã— AA, gas, telecom âœ“ â€¢ Free checked bag â€¢ Doesn't count 5/24",â€¢ $99 annual fee ğŸ’° â€¢ Best with regular AA travel â€¢ AAdvantage risk âš ï¸,https://creditcards.aa.com/credit-cards/citi-business-card-american-airlines-direct/,0%,,,Free checked bag + 4 companions,25% inflight; Companion cert after $30k spend
Capital One Quicksilver,Capital One,personal,0,0,0,cashback,Cash,,1.5,1.5,200,dollars,200,$500,0.4000,3,0% for 15 months,Yes,Simple unlimited 1.5% cash back on all purchases without thinking,Straightforward flat-rate card for users wanting simplicity over category optimization,â€¢ 1.5% on everything âœ“ â€¢ No annual fee âœ“ â€¢ 0% intro 15 mo â€¢ No FX fee âœ“,â€¢ No bonus categories â€¢ Lower than category cards â€¢ Smaller bonus,https://www.capitalone.com/credit-cards/quicksilver/,0%,,,Capital One Travel; price drop protection,Hertz Five Star status
Capital One SavorOne,Capital One,personal,0,0,0,cashback,Cash,,3 / 2 / 1,1.7,200,dollars,200,$500,0.4000,3,0% for 15 months,Yes,Dining and entertainment spending with strong grocery and streaming bonuses,No-fee lifestyle card targeting foodies and entertainment spenders with everyday categories,"â€¢ 3% dining, entertainment, streaming âœ“ â€¢ 3% groceries âœ“ â€¢ No annual fee âœ“",â€¢ Grocery excl. Walmart/Target â€¢ Narrow entertainment â€¢ Lower ceiling,https://www.capitalone.com/credit-cards/savorone/,0%,,,3% grocery (excl. Walmart/Target) â€¢ dining â€¢ entertainment â€¢ streaming,1% all other
Capital One Venture,Capital One,personal,95,95,95,travel,Capital One Miles,,,0.5,75000,miles,750,"$4,000",0.1875,3,,No,Straightforward travel rewards with simple 2Ã— earning on everything,Entry-premium travel card offering flat-rate miles and flexible redemption without transfer complexity,â€¢ 2Ã— miles on everything âœ“ â€¢ 1Â¢ toward travel âœ“ â€¢ Transfer to 15+ partners,â€¢ $95 annual fee ğŸ’° â€¢ Partners weaker vs Chase/Amex ğŸ“‰ â€¢ Flat 2Ã— only,https://www.capitalone.com/credit-cards/venture/,0%,,Yes ($120/4yr),$250 travel credit (yr 1); 5Ã— hotels/rental cars via Capital One Travel,Hertz Five Star; $50 Lifestyle Collection credit
Capital One Venture X,Capital One,personal,395,395,395,travel,Capital One Miles,,,0.5,75000,miles,750,"$4,000",0.1875,3,,No,Premium travel with strong lounge access credits and travel perks under $400 annual fee,Flagship Capital One travel card competing with Chase Sapphire Reserve at lower annual fee with better credit offsetting value,â€¢ 2Ã— miles (10Ã— via portal) âœ“ â€¢ $300 travel credit âœ“ â€¢ Priority Pass + lounges âœ“,â€¢ $395 annual fee ğŸ’° â€¢ 10Ã— needs portal â€¢ Fewer partners vs Amex/Chase ğŸ“‰,https://www.capitalone.com/credit-cards/venture-x/,0%,Capital One Lounges + Priority Pass,Yes ($120/4yr),$300 annual travel credit; 10k anniversary miles,Hertz President's Circle; PRIOR ($149); Cultivist 50% off
Capital One Platinum,Capital One,personal,0,0,0,credit_building,,,,0.0,0,,0,$0,,0,,No,Building or rebuilding credit with unsecured card and credit line increase path,Unsecured starter card for fair/limited credit with potential for automatic reviews and credit line growth,"â€¢ No annual fee âœ“ â€¢ Unsecured, no deposit âœ“ â€¢ Credit line reviews âœ“",â€¢ No rewards âš ï¸ â€¢ Credit building only â€¢ Foreign transaction fee ğŸŒ,https://www.capitalone.com/credit-cards/platinum/,0%,,,Credit building; no rewards,
Capital One Spark Cash,Capital One,business,95,0,95,cashback,Cash,Spark ,2,2.0,1000,dollars,1000,$10000,0.1000,3,,No,Simple unlimited 2% cash back for small businesses wanting flat-rate earning,No-fee business cash back for straightforward expense tracking and earning without categories,â€¢ 2% on all business purchases âœ“ â€¢ $0 intro AF then $95 âœ“ â€¢ No FX fee âœ“,â€¢ No bonus categories â€¢ $1k bonus needs $10k spend â€¢ 5Ã— only via portal,https://www.capitalone.com/small-business/credit-cards/spark-cash/,0%,,,5% hotels and rental cars via Capital One Business Travel,2% unlimited on all purchases
Capital One Spark Cash Plus,Capital One,business,150,150,150,cashback,Cash,Spark ,2 / 5 travel portal,2.0,2000,dollars,2000,$30000,0.0667,3,,No,High-spend businesses wanting unlimited 2% cash back on everything,Premium unlimited cash back for businesses with heavy monthly spend seeking simple strong earning,"â€¢ 2% on all purchases âœ“ â€¢ $2,000 welcome âœ“ â€¢ 5% hotels/cars via portal âœ“",â€¢ $150 annual fee ğŸ’° â€¢ Charge card pay in full â€¢ AF refund if spend $150k/yr,https://www.capitalone.com/small-business/credit-cards/spark-cash-plus/,0%,,,$2k+ per $500k first year; 5% hotels/cars via Business Travel,AF refund if spend $150k/year; charge card
Capital One Spark Cash Select,Capital One,business,0,0,0,cashback,Cash,Spark ,1.5,1.5,750,dollars,750,$6000,0.1250,3,,No,No-fee business cash back for startups or businesses with moderate spend,Starter business card with flat cash back and easier approval than Spark Cash Plus,â€¢ No annual fee âœ“ â€¢ 1.5% on all purchases âœ“ â€¢ $750 bonus âœ“,â€¢ Lower earn than Spark Cash Plus â€¢ 5Ã— only via portal â€¢ No bonus categories,https://www.capitalone.com/small-business/credit-cards/spark-cash-select/,0%,,,5% hotels/rental cars via Capital One Business Travel,1.5% unlimited; no annual fee
Capital One Venture X Business,Capital One,business,395,395,395,travel,Capital One Miles,,2 / 10 / 5,0.5,150000,miles,1500,$30000,0.0500,3,,No,Premium business travel with lounge access strong portal earning and travel credits,Flagship business travel card competing with Amex Business Platinum at lower annual fee with better value proposition,â€¢ 2Ã— miles (10Ã— via portal) âœ“ â€¢ $300 travel credit âœ“ â€¢ Priority Pass + lounges âœ“,â€¢ $395 annual fee ğŸ’° â€¢ 10Ã— needs portal â€¢ 150k bonus needs $30k spend â€¢ Fewer partners ğŸ“‰,https://www.capitalone.com/small-business/credit-cards/venture-x-business/,0%,Capital One Lounges + Priority Pass,Yes ($120/4yr),$300 annual travel credit; 10k anniversary miles,10Ã— hotels/cars; 5Ã— flights/vacation rentals via Business Travel
Capital One Spark Miles,Capital One,business,0,0,95,travel,Capital One Miles,Spark ,2 / 5 travel portal,0.5,50000,miles,500,$4500,0.1111,3,,No,Simple business travel rewards with 2Ã— miles on everything and no annual fee,No-fee business travel card for straightforward miles earning without category tracking,â€¢ 2Ã— miles on everything âœ“ â€¢ 5Ã— hotels/cars via portal âœ“ â€¢ $0 intro AF then $95 âœ“,â€¢ Lower bonus â€¢ No lounges â€¢ 5Ã— needs portal booking,https://www.capitalone.com/small-business/credit-cards/spark-miles/,0%,,,5Ã— hotels/rental cars via Capital One Business Travel,Hertz Five Star; GE/TSA $120; Lifestyle Collection $50
Bank of America Customized Cash,Bank of America,personal,0,0,0,cashback,Cash,,3 / 2 / 1,1.7,200,dollars,200,$500,0.4000,3,0% for 15 months,Yes,Choosing your own 3% category each month from common spending areas,Flexible category optimization for users who want control over bonus earning without annual fee,"â€¢ 3% category choice âœ“ â€¢ 2% grocery, wholesale â€¢ Preferred Rewards up to 5.25% âœ“","â€¢ 3% capped $2,500/qtr â€¢ Must select category â€¢ Foreign transaction fee ğŸŒ",https://www.bankofamerica.com/credit-cards/products/cash-back-credit-card/,3%,,,3% choice category; 2% grocery wholesale,Preferred Rewards boost up to 5.25%
Bank of America Unlimited Cash,Bank of America,personal,0,0,0,cashback,Cash,,1.5,1.5,150,dollars,150,$500,0.3000,3,0% for 15 months,Yes,Simple unlimited 1.5% cash back with potential Preferred Rewards boost,Straightforward flat-rate earning for BoA banking customers wanting set-it-and-forget-it rewards,â€¢ 1.5% on all âœ“ â€¢ Preferred Rewards up to 2.625% âœ“ â€¢ No annual fee âœ“,â€¢ No bonus categories â€¢ Needs BoA for boost â€¢ Foreign transaction fee ğŸŒ,https://www.bankofamerica.com/credit-cards/products/unlimited-cash-back-credit-card/,3%,,,1.5% unlimited,Preferred Rewards up to 2.625%
BankAmericard Cash Rewards,Bank of America,personal,0,0,0,cashback,Cash,,3 / 2 / 1,1.6,150,dollars,150,$500,0.3000,3,0% for 15 months,Yes,Online shopping and category bonuses with long intro APR for balance transfers,Combines cash back earning with 0% intro period for users managing existing debt while earning rewards,"â€¢ 3% category choice âœ“ â€¢ 2% grocery, wholesale â€¢ 0% intro 15 mo â€¢ No annual fee âœ“","â€¢ 3% capped $2,500/qtr â€¢ Foreign transaction fee ğŸŒ â€¢ Must choose category",https://www.bankofamerica.com/credit-cards/products/cash-back-credit-card/,3%,,,3% choice; 2% grocery/wholesale,Preferred Rewards boost
Bank of America Travel Rewards,Bank of America,personal,0,0,0,travel,Bank of America Points,,1.5,1.5,250,points,250,"$3,000",0.0833,3,0% for 15 months,No,No-fee travel card with no foreign transaction fees and simple earning,Entry travel card for BoA customers wanting flexible points redemption without annual cost,â€¢ 1.5 pts per dollar âœ“ â€¢ No FX fee âœ“ â€¢ Preferred Rewards up to 2.625 âœ“ â€¢ No annual fee âœ“,â€¢ Lower earn than premium â€¢ Points not transferable â€¢ Needs BoA banking,https://www.bankofamerica.com/credit-cards/products/travel-rewards-credit-card/,0%,,,1.5 pts/$; redeem for travel statement credit,Preferred Rewards up to 2.625 pts
Bank of America Premium Rewards,Bank of America,personal,95,95,95,travel,Bank of America Points,,1.5,1.5,600,points,600,"$3,000",0.2000,3,,No,Premium travel and dining earning for Bank of America Preferred Rewards members,Mid-tier travel card optimized for BoA banking customers with points boost and travel credits,"â€¢ 2Ã— travel, dining âœ“ â€¢ $100 airline credit âœ“ â€¢ No FX fee âœ“",â€¢ $95 annual fee ğŸ’° â€¢ Needs Preferred Rewards â€¢ Partners weaker vs Chase/Amex ğŸ“‰,https://www.bankofamerica.com/credit-cards/products/premium-rewards-credit-card/,0%,,,2Ã— travel dining; $100 airline incidental credit,Preferred Rewards boost; Global Entry credit
Bank of America Business Advantage Travel Rewards,Bank of America,business,0,0,0,travel,Bank of America Points,,1.5,1.5,30000,points,300,"$3,000",0.1000,3,0% for 9 months,No,No-fee business travel card with straightforward earning and no foreign transaction fees,Entry business travel option for BoA business banking customers wanting simple points accumulation,â€¢ 3Ã— Travel Center â€¢ 1.5Ã— all other âœ“ â€¢ No FX fee âœ“ â€¢ No annual fee âœ“,â€¢ Lower earn than premium â€¢ Points not transferable â€¢ Needs BoA Relationship Rewards,https://business.bankofamerica.com/en/credit-cards/business-advantage-travel-rewards?campaign=4076928~NJ~en_US,0%,,,3Ã— Travel Center; 1.5Ã— all other,Preferred Rewards for Business up to 5.25Ã—
Bank of America Business Advantage Atmos Rewards,Bank of America,business,70,70,70,airline,Atmos Miles,Alaska,3 / 2 / 1,1.7,70000,points,700,$4000,0.1750,3,,No,Atmos business card for Alaska/Hawaiian flyers with Companion Fare and category earning,Atmos Visa Business with 70k pts + $99 Companion Fare and Alaska/Hawaiian bonuses,â€¢ 70k pts + $99 Companion Fare âœ“ â€¢ 3Ã— Alaska/Hawaiian âœ“ â€¢ 2Ã— gas EV shipping transit âœ“,â€¢ $70 company + $25/card ğŸ’° â€¢ Alaska/Hawaiian focus â€¢ Route network limited,https://www.alaskaair.com/atmosrewards/content/credit-cards/benefits/visa-small-business,0%,,,70k pts + $99 Companion Fare; $4k in 90 days,3Ã— Alaska/Hawaiian; 2Ã— gas EV shipping transit; free bag; 20% inflight
Bank of America Business Advantage Customized Cash Rewards,Bank of America,business,0,0,0,cashback,Cash,,3 / 2 / 1,1.7,300,dollars,300,$3000,0.1000,3,0% for 9 months,Yes,Choose your own 3% business category for targeted spending optimization,No-fee business cash back with category choice for expense concentration,â€¢ 3% category choice âœ“ â€¢ No annual fee âœ“ â€¢ $300 bonus âœ“,â€¢ 3% capped $50k/yr â€¢ Foreign transaction fee ğŸŒ â€¢ Must choose category,https://business.bankofamerica.com/en/credit-cards/business-advantage-customized-cash-rewards?campaign=4076847~NX~en_US,3%,,,3% choice; 2% dining; 1% other (cap $50k/yr),Preferred Rewards for Business boost
Alaska Airlines Visa Signature,Bank of America,personal,95,95,95,airline,Alaska Miles,Alaska,3 / 2 / 1,1.5,70000,miles,700,"$1,000",0.7000,3,,No,Travelers who regularly fly Alaska and want Companion Fare and free checked bag.,Core Alaska Airlines co-brand for Bank of America customers who want strong airline perks at moderate annual fee.,â€¢ Companion Fare âœ“ â€¢ Free checked bag âœ“ â€¢ 3Ã— Alaska â€¢ No FX fee âœ“,â€¢ $95 annual fee ğŸ’° â€¢ Alaska route network only â€¢ Miles devaluation risk âš ï¸,https://www.bankofamerica.com/credit-cards/products/alaska-airlines-credit-card/,0%,,,Companion Fare; free checked bag,3Ã— Alaska; 20% inflight; Alaska Lounge+ discount
Atmos Rewards Summit Visa Infinite,Bank of America,personal,395,395,395,airline,Alaska Miles,Alaska,3 / 1,1.8,80000,points,800,"$4,000",0.2000,3,,No,Frequent Alaska and international travelers who want lounge access and premium companion awards.,Premium Alaska co-brand positioned as a Visa Infinite product for global travelers wanting high-end perks and companion awards.,"â€¢ 2 Global Companion Awards/yr âœ“ â€¢ Alaska Lounge âœ“ â€¢ 3Ã— dining, Alaska â€¢ No FX fee âœ“",â€¢ $395 annual fee ğŸ’° â€¢ Needs frequent Alaska travel â€¢ Complex thresholds,https://www.bankofamerica.com/credit-cards/products/alaska-airlines-infinite-credit-card/,0%,Alaska Lounge,,2 Global Companion Awards/yr; $395 AF,3Ã— Alaska dining; Premier Collection hotels
U.S. Bank Cash+,U.S. Bank,personal,0,0,0,cashback,Cash,,5 / 2 / 1,2.0,200,dollars,200,$1000,0.2000,3,0% for 15 months,Yes,Highest 5% cash back on two categories you choose each quarter,Category maximization for organized spenders wanting top-tier cash back rates in flexible categories,â€¢ 5% on two categories/qtr âœ“ â€¢ 2% everyday category â€¢ No annual fee âœ“,"â€¢ 5% capped $2,000/qtr â€¢ Quarterly activation â€¢ Foreign transaction fee ğŸŒ",https://www.usbank.com/credit-cards/cash-plus-visa-signature-credit-card.html,3%,,,5% Travel Center prepaid,Cash-back deals
U.S. Bank Unlimited Cash,U.S. Bank,personal,0,0,0,cashback,Cash,,1.5,1.5,150,dollars,150,$1000,0.1500,3,0% for 12 months,Yes,Simple unlimited 1.5% cash back with long intro APR period,Straightforward flat-rate card for set-it-and-forget-it cash back with 0% financing option,â€¢ 1.5% on all âœ“ â€¢ 0% intro 12 mo â€¢ No annual fee âœ“,â€¢ No bonus categories â€¢ Foreign transaction fee ğŸŒ â€¢ $150 bonus needs $1k spend,https://www.usbank.com/credit-cards/unlimited-cash-rewards-credit-card.html,3%,,,1.5% unlimited,ExtendPay eligible
U.S. Bank Smartly Visa Signature,U.S. Bank,personal,0,0,0,cashback,Cash,,2 / up to 4 with banking,2.0,0,,0,$0,,0,0% for 12 months,Yes,Flat 2% cash back with optional boost for U.S. Bank Smartly banking customers,Unlimited 2% flat rate with optional Smartly Earning Bonus for U.S. Bank depositors,â€¢ 2% on all âœ“ â€¢ Up to 4% with Smartly banking âœ“ â€¢ No annual fee âœ“,â€¢ Needs Smartly accounts â€¢ Bonus capped $10k/cycle â€¢ Best with $10k+ deposits,https://www.usbank.com/credit-cards/bank-smartly-visa-signature-credit-card.html,3%,,,Up to 4% with Smartly banking,Cash-back deals
U.S. Bank Shield Visa,U.S. Bank,personal,0,0,0,balance_transfer,,,4 travel center,0.4,0,,0,$0,,0,0% for 24 months,Yes,Long 0% intro APR and balance transfers with light travel rewards and perks,Best-in-class 24-month 0% APR with light rewards and cell phone protection,â€¢ 24-mo 0% APR âœ“ â€¢ Cell phone protection $600 âœ“ â€¢ No annual fee âœ“,â€¢ No signup bonus â€¢ 4% only in Travel Center â€¢ $20 credit needs 11 mo purchases,https://www.usbank.com/credit-cards/shield-visa-credit-card.html,3%,,,Cell phone protection $600,$20 annual statement credit
U.S. Bank Altitude Go Visa Signature,U.S. Bank,personal,0,0,0,travel,U.S. Bank Points,,4 / 2 / 1,0.5,20000,points,200,"$1,000",0.2000,3,0% for 15 months,Yes,Dining and streaming with no annual fee and flexible points redemption,No-fee dining and streaming card with flexible points redemption and charity match,"â€¢ 4Ã— dining (first $2k/qtr) âœ“ â€¢ 2Ã— grocery, gas, streaming â€¢ $15 streaming credit âœ“",â€¢ Foreign transaction fee ğŸŒ â€¢ 4Ã— dining capped $2k/qtr â€¢ Points expire 12 mo inactive,https://www.usbank.com/credit-cards/altitude-go-visa-signature-credit-card.html,3%,,,$15 streaming credit,100% charity match
U.S. Bank Altitude Connect Visa Signature,U.S. Bank,personal,0,0,0,travel,U.S. Bank Points,,5 / 4 / 2 / 1,0.5,20000,points,200,"$1,000",0.2000,3,0% for 15 months,No,Travel and gas with no annual fee and lounge/TSA credit,No-fee travel and gas card with lounge access and no foreign transaction fees,"â€¢ 5Ã— hotels, cars (Travel Center) âœ“ â€¢ 4Ã— travel, gas âœ“ â€¢ Priority Pass + TSA credit âœ“ â€¢ No annual fee âœ“",â€¢ 5Ã—/4Ã— need Travel Center â€¢ Points expire 12 mo â€¢ 5-yr bonus rule,https://www.usbank.com/credit-cards/altitude-connect-visa-signature-credit-card.html,0%,Priority Pass Select,Yes ($120/4yr),GigSky global mobile data,Travel protections
U.S. Bank Shopper Cash Rewards Visa Signature,U.S. Bank,personal,95,0,95,cashback,Cash,,6 / 3 / 1.5,2.5,250,dollars,250,"$2,000",0.1250,4,,Yes,High cash back at two chosen retailers plus everyday category with first-year fee waived,Retail-focused cash back with 6% at two chosen retailers and first-year fee waived,"â€¢ 6% at two retailers (Amazon, Target, etc) âœ“ â€¢ $250 bonus âœ“ â€¢ First year no fee âœ“",â€¢ $95 after year one ğŸ’° â€¢ Quarterly selection â€¢ Foreign transaction fee ğŸŒ,https://www.usbank.com/credit-cards/shopper-cash-rewards-visa-signature-credit-card.html,3%,,,5.5% Travel Center hotel/car,ExtendPay $0 fee first 60 days
U.S. Bank Triple Cash Rewards Visa Business,U.S. Bank,business,0,0,0,cashback,Cash,,3 / 1,1.8,750,dollars,750,$6000,0.1250,6,0% for 12 months,Yes,Small businesses with gas office supplies restaurants and software subscriptions,No-fee business cash back with 3% on core expense categories plus $100 software credit and strong welcome bonus,"â€¢ 3% gas, office supply, cell phone, restaurants âœ“ â€¢ $750 bonus âœ“ â€¢ $100 software credit âœ“ â€¢ No annual fee âœ“",â€¢ 3% gas capped at $200/transaction â€¢ $6k spend for bonus â€¢ Foreign transaction fee ğŸŒ,https://www.usbank.com/business-banking/business-credit-cards/business-triple-cash-back-credit-card.html,3%,,,$100 software credit (QuickBooks etc),5% Travel Center; ExtendPay $0 first 60 days
U.S. Bank Business Shield Visa,U.S. Bank,business,0,0,0,balance_transfer,,,5 travel center,0.5,0,,0,$0,,0,0% for 12 months,Yes,Businesses needing intro APR for cash flow with light travel rewards,No-fee business card for 0% financing and Travel Center earning with purchase protection and Spend Management,â€¢ 12-mo 0% APR âœ“ â€¢ 5% Travel Center âœ“ â€¢ $50 credit after $5k Travel Center âœ“ â€¢ No annual fee âœ“,â€¢ No signup bonus â€¢ 5% only in Travel Center â€¢ $50 needs $5k Travel Center spend,https://www.usbank.com/business-banking/business-credit-cards/business-shield-credit-card.html,3%,,,Purchase protection,Spend Management; ExtendPay $0/yr
U.S. Bank Business Altitude Power Visa Signature,U.S. Bank,business,0,0,0,travel,U.S. Bank Points,,2 / 2.5 mobile / 6 travel,0.5,75000,points,750,$10000,0.0750,4,,No,Businesses wanting flat 2Ã— points on all spend with lounge access and no foreign fees,Uncapped 2Ã— business card with Priority Pass mobile wallet boost and Travel Center 6Ã— for flexible redemption,â€¢ 2Ã— on all purchases âœ“ â€¢ 2.5Ã— mobile wallet ($5k/qtr) âœ“ â€¢ 6Ã— Travel Center âœ“ â€¢ Priority Pass âœ“ â€¢ No FX fee âœ“,â€¢ 75k bonus needs $10k spend â€¢ 6Ã— only via Travel Center â€¢ Points expire 12 mo inactive,https://www.usbank.com/business-banking/business-credit-cards/business-altitude-power-credit-card.html,0%,Priority Pass Digital,,Transfer to personal Altitude; Spend Management
U.S. Bank Business Altitude Connect Visa Signature,U.S. Bank,business,95,0,95,travel,U.S. Bank Points,,5 / 4 / 2 / 1,0.5,60000,points,600,$6000,0.1000,6,,No,Businesses with regular travel dining and rideshare spend wanting lounge access,Travel-focused business card with 5Ã— Travel Center 4Ã— travel/gas and $25 rideshare credit plus Priority Pass,â€¢ 5Ã— Travel Center âœ“ â€¢ 4Ã— travel gas ($150k/yr) âœ“ â€¢ 60k bonus âœ“ â€¢ Priority Pass + 4 free visits âœ“ â€¢ No FX fee âœ“,â€¢ $95 after year one ğŸ’° â€¢ 4Ã— capped $150k/yr â€¢ $25 rideshare needs 3 consecutive months,https://www.usbank.com/business-banking/business-credit-cards/business-altitude-connect-credit-card.html,0%,Priority Pass Digital,,$25 rideshare credit (3mo consecutive)
U.S. Bank Business Leverage Visa Signature,U.S. Bank,business,95,0,95,travel,U.S. Bank Points,,2 / 1 / 5 travel,0.5,75000,points,750,$7500,0.1000,4,,No,Businesses with variable category spend wanting automatic 2Ã— on top two categories,Hands-off business points card that auto-selects your top two spend categories for 2Ã— each month plus Travel Center 5Ã—,â€¢ 2Ã— top two categories (auto) âœ“ â€¢ 5Ã— Travel Center âœ“ â€¢ 75k bonus âœ“ â€¢ No FX on international biz âœ“,â€¢ $95 after year one ğŸ’° â€¢ Categories shift monthly â€¢ Points expire 5 yr from quarter,https://www.usbank.com/business-banking/business-credit-cards/business-leverage-rewards-credit-card.html,0%,,,2Ã— auto top 2 categories,48 spend categories; ExtendPay
Amex Blue Cash Everyday,Amex,personal,0,0,0,cashback,Cash,,3 / 2 / 1,1.7,200,dollars,200,$500,0.4000,3,0% for 15 months,Yes,Grocery and gas spending with no annual fee for everyday Amex benefits,No-fee cash back card targeting grocery shoppers who want Amex benefits without premium cost,"â€¢ 3% supermarkets, gas (up to $6k/yr) âœ“ â€¢ 2% department stores â€¢ No annual fee âœ“",â€¢ Foreign transaction fee ğŸŒ â€¢ 3% capped $6k/yr â€¢ Excl. Walmart/Target,https://www.americanexpress.com/us/credit-cards/card/blue-cash-everyday/,2.7%,,,3% streaming,Amex Offers
Amex Blue Cash Preferred,Amex,personal,95,0,95,cashback,Cash,,6 / 3 / 1,2.5,300,dollars,300,$500,0.6000,3,0% for 12 months,Yes,Heavy grocery spenders wanting industry-leading 6% back at supermarkets,Premium grocery cash back card with best-in-class supermarket earning for high grocery spend households,â€¢ 6% supermarkets (up to $6k/yr) âœ“ â€¢ 6% streaming âœ“ â€¢ First year no fee âœ“,â€¢ $95 after year one ğŸ’° â€¢ 6% capped $6k/yr â€¢ Foreign transaction fee ğŸŒ,https://www.americanexpress.com/us/credit-cards/card/blue-cash-preferred/,2.7%,,,6% streaming,Amex Offers
Amex Green,Amex,personal,150,150,150,travel,Membership Rewards (MR),,,0.5,60000,points,600,"$3,000",0.2000,3,,No,Transit dining and travel spenders wanting Membership Rewards without premium annual fee,Entry Membership Rewards charge card for urban lifestyle and moderate travelers who want points flexibility,"â€¢ 3Ã— travel, transit, dining âœ“ â€¢ Transfer to 20+ partners âœ“ â€¢ CLEAR credit âœ“","â€¢ $150 annual fee ğŸ’° â€¢ Charge card, pay in full â€¢ Fewer credits than Gold",https://www.americanexpress.com/us/credit-cards/card/green/,0%,Lounge Collection,,CLEAR credit $189/yr,Transfer to 20+ partners
Amex Gold,Amex,personal,250,250,250,travel,Membership Rewards (MR),,,0.5,60000,points,600,"$6,000",0.1000,6,,No,Dining and grocery spending for travelers who want strong category multipliers and flexible points,Premium dining and grocery card delivering highest earning in key categories with Membership Rewards transfer power,"â€¢ 4Ã— restaurants, supermarkets âœ“ â€¢ 3Ã— flights â€¢ $120 Uber + $120 dining âœ“","â€¢ $250 annual fee ğŸ’° â€¢ Credits need active use â€¢ Charge card, pay in full",https://www.americanexpress.com/us/credit-cards/card/gold-card/,0%,,,$120 Uber + $120 dining credits,Transfer to 20+ partners
Amex Platinum,Amex,personal,695,695,695,travel,Membership Rewards (MR),,,0.5,80000,points,800,"$8,000",0.1000,6,,No,Luxury travelers wanting premium lounge access elite status and comprehensive travel credits,Flagship premium travel card for frequent flyers prioritizing experience perks and airport lounge access over earning rates,"â€¢ 5Ã— flights, prepaid hotels âœ“ â€¢ Centurion + Priority Pass + Sky Club âœ“ â€¢ $200 hotel + $200 airline âœ“",â€¢ $695 annual fee ğŸ’° â€¢ Credits complex â€¢ Needs heavy travel,https://www.americanexpress.com/us/credit-cards/card/platinum/,0%,Centurion + Priority Pass + Sky Club,Yes ($120/4yr),$200 hotel + $200 airline credits,5Ã— flights and prepaid hotels
Barclays JetBlue Premier,Barclays,personal,499,499,499,airline,JetBlue TrueBlue,JetBlue ,6 / 2 / 1,0.5,80000,miles,800,"$5,000",0.1600,3,,No,JetBlue frequent flyers wanting lounge access and premium perks,Premium JetBlue card with BlueHouse Priority Pass and $300 TrueBlue Travel credits,"â€¢ 80k + 5 tiles after $5k + AF âœ“ â€¢ 6Ã— JetBlue âœ“ â€¢ 2Ã— restaurants, grocery âœ“ â€¢ BlueHouse + Priority Pass âœ“ â€¢ GE/TSA âœ“",â€¢ $499 AF ($150 per AU) ğŸ’° â€¢ Best with heavy JetBlue travel â€¢ TrueBlue limited,https://cards.barclaycardus.com/banking/cards/jetblue-premier-card/,0%,BlueHouse + Priority Pass Select,Yes ($120/4yr),$300 TrueBlue Travel credits/yr; Group A boarding,5000 anniversary; 10% points back on Award Flight
Barclays JetBlue Plus,Barclays,personal,99,99,99,airline,JetBlue TrueBlue,JetBlue ,6 / 2 / 1,0.5,70000,miles,700,"$1,000",0.7000,3,,No,Occasional JetBlue flyers wanting free checked bag and $100 Vacations credit,Mid-tier JetBlue co-brand with 6Ã— JetBlue and anniversary bonus,"â€¢ 70k after $1k + pay AF âœ“ â€¢ 6Ã— JetBlue âœ“ â€¢ 2Ã— restaurants, grocery âœ“ â€¢ Free bag +3 âœ“ â€¢ $100 Vacations credit âœ“",â€¢ $99 annual fee ğŸ’° â€¢ Fewer perks than Premier â€¢ Best for 2-3 trips/yr,https://cards.barclaycardus.com/banking/cards/jetblue-plus-card/,0%,,,$100 JetBlue Vacations credit/yr; 5000 anniversary,10% points back on Award Flight; Free bag +3 companions
Barclays Frontier Airlines World Mastercard,Barclays,personal,99,0,99,airline,Airline Miles,,15 / 3 / 1,0.5,50000,miles,500,"$1,000",0.5000,3,0% for 15 months balance transfer,No,Budget airline travelers flying Frontier frequently wanting two free bags and Elite Gold,Ultra-low-cost carrier co-brand with two free checked bags $100 anniversary voucher and Instant Elite Gold,â€¢ 50k miles after $1k âœ“ â€¢ 15Ã— flyfrontier.com âœ“ â€¢ Two free bags âœ“ â€¢ $100 voucher/yr (spend $2.5k) âœ“ â€¢ Instant Elite Gold âœ“,â€¢ Frontier miles low value ğŸ“‰ â€¢ $99 after year one ğŸ’° â€¢ Limited route network,https://cards.barclaycardus.com/banking/cards/frontier-airlines-world-mastercard/,0%,,,$100 flight voucher each anniversary ($2.5k spend),Instant Elite Gold; Two free checked bags; 0% BT 15 mo
Barclays JetBlue Business Card,Barclays,business,99,99,99,airline,JetBlue TrueBlue,JetBlue ,6 / 2 / 1,0.5,60000,miles,600,"$2,000",0.3000,3,,No,Small businesses flying JetBlue regularly for client meetings or team travel,JetBlue business co-brand with 6Ã— JetBlue 2Ã— restaurants/office supply and Group A boarding,"â€¢ 60k after $2k + pay AF âœ“ â€¢ 6Ã— JetBlue âœ“ â€¢ 2Ã— restaurants, office supply âœ“ â€¢ Free bag +3 âœ“ â€¢ Group A boarding âœ“",â€¢ $99 annual fee ğŸ’° â€¢ Best with regular JetBlue travel â€¢ TrueBlue limited,https://cards.barclaycardus.com/banking/cards/jetblue-business-card/,0%,,,$100 JetBlue Vacations credit/yr; 5000 anniversary,Group A boarding; 10% points back on Award Flight
Marriott Bonvoy Bevy American Express Card,Amex,personal,250,250,250,hotel,Marriott Bonvoy Points,Marriott ,6 / 4 / 2,0.5,100000,points,333,"$1,000",0.3330,3,,No,Regular Marriott guests wanting Gold Elite and credits,Mid-premium Marriott Amex with automatic status and anniversary night,â€¢ 6Ã— Marriott âœ“ â€¢ Free night (50k) âœ“ â€¢ Gold Elite + $150 credits âœ“,â€¢ $250 annual fee ğŸ’° â€¢ Free night caps at 50k â€¢ Marriott-only value,https://www.americanexpress.com/us/credit-cards/card/marriott-bonvoy-bevy/,0%,,,Gold Elite + $150 credits,Free night (50k pts)
Hilton Honors American Express Aspire Card,Amex,personal,450,450,450,hotel,Hilton Honors Points,Hilton ,14 / 7 / 3,0.4,175000,points,583,"$1,000",0.5830,3,,No,Frequent Hilton guests seeking Diamond status and resort credits,Premium Hilton card with top-tier status and strong perks package,â€¢ Diamond status âœ“ â€¢ $250 airline + $250 resort âœ“ â€¢ Priority Pass âœ“,â€¢ $450 annual fee ğŸ’° â€¢ Needs regular Hilton â€¢ Lower point value ğŸ“‰,https://www.americanexpress.com/us/credit-cards/card/hilton-aspire/,0%,Priority Pass,,$250 airline + $250 resort credits,Diamond status
American Express Green Card,Amex,personal,150,150,150,travel,Membership Rewards (MR),,3 / 3 / 1,0.5,50000,points,500,"$3,000",0.1667,3,,No,Transit and dining spenders wanting Membership Rewards,Entry charge card for lifestyle + travel with clean design,"â€¢ 3Ã— travel, transit, dining âœ“ â€¢ CLEAR credit âœ“ â€¢ Transferable MR âœ“","â€¢ $150 annual fee ğŸ’° â€¢ Charge card, pay in full â€¢ Narrower than Gold",https://www.americanexpress.com/us/credit-cards/card/green/,0%,Lounge Collection,,CLEAR credit $189/yr,Transfer to 20+ partners
Delta SkyMiles Gold American Express Card,Amex,personal,0,99,99,airline,Delta SkyMiles,Delta ,2 / 1,0.5,50000,miles,500,"$6,000",0.0833,6,,No,Moderate Delta flyers wanting free bag and early boarding,Mid-tier Delta card with core perks at accessible fee,"â€¢ First year free âœ“ â€¢ Free checked bag âœ“ â€¢ 2Ã— Delta, restaurants",â€¢ $99 after year 1 ğŸ’° â€¢ Smaller bonus vs Platinum â€¢ Best for several Delta/yr,https://www.americanexpress.com/us/credit-cards/card/delta-skymiles-gold/,0%,,,Free checked bag,15% off Delta inflight
Hilton Honors American Express Surpass Card,Amex,personal,150,150,150,hotel,Hilton Honors Points,Hilton ,12 / 6 / 3,0.4,150000,points,500,"$1,000",0.5000,3,,No,Regular Hilton guests seeking high earn rates and automatic Gold status,Mid-tier Hilton card balancing strong multipliers and manageable fee,"â€¢ 12Ã— Hilton âœ“ â€¢ 6Ã— groceries, gas, dining âœ“ â€¢ Gold Elite + weekend night âœ“",â€¢ $150 annual fee ğŸ’° â€¢ Hilton footprint only â€¢ Lower point value ğŸ“‰,https://www.americanexpress.com/us/credit-cards/card/hilton-surpass/,0%,,,Gold Elite + weekend night,6Ã— groceries gas dining
Marriott Bonvoy Brilliant American Express Card,Amex,personal,650,650,650,hotel,Marriott Bonvoy Points,Marriott ,6 / 3 / 2,0.5,185000,points,616,"$1,000",0.6160,3,,No,Heavy Marriott travelers wanting Platinum Elite and luxury credits,Premium Marriott Amex with top-tier status and statement credits,â€¢ Platinum Elite âœ“ â€¢ $300 Marriott credit âœ“ â€¢ Free night (85k) âœ“,â€¢ $650 annual fee ğŸ’° â€¢ Best for frequent Marriott â€¢ Free night strong value,https://www.americanexpress.com/us/credit-cards/card/marriott-bonvoy-brilliant/,0%,Priority Pass (unlimited),Yes ($120/4yr),$300 Marriott credit,Free night (85k pts)
Delta SkyMiles Platinum American Express Card,Amex,personal,350,350,350,airline,Delta SkyMiles,Delta ,3 / 1,0.5,70000,miles,700,"$8,000",0.0875,6,,No,Frequent Delta flyers needing companion certificate and lounge access,Premium Delta card with strong perks for regular SkyMiles flyers,â€¢ Companion certificate âœ“ â€¢ Sky Club access âœ“ â€¢ Free bags âœ“,â€¢ $350 annual fee ğŸ’° â€¢ Companion cert restrictions â€¢ Best for frequent Delta,https://www.americanexpress.com/us/credit-cards/card/delta-skymiles-platinum/,0%,Sky Club (when flying Delta),,Companion certificate,Free checked bags
Hilton Honors American Express Business Card,Amex,business,195,195,195,hotel,Hilton Honors Points,Hilton ,12 / 5 / 3,0.4,150000,points,500,"$1,000",0.5000,3,,No,Small businesses with Hilton stays wanting Gold status and credits,Business Hilton card with $240 credit Gold status and path to Diamond,â€¢ 12Ã— Hilton âœ“ â€¢ $240 Hilton credit ($60/qtr) âœ“ â€¢ Gold Elite âœ“ â€¢ Diamond at $40k spend âœ“ â€¢ No FX fee âœ“,â€¢ $195 annual fee ğŸ’° â€¢ Lower point value ğŸ“‰ â€¢ Best with Hilton travel,https://www.americanexpress.com/us/credit-cards/business/business-credit-cards/hilton-honors/,0%,,,$240 Hilton credit ($60/qtr),National Emerald Club Executive; Diamond at $40k
Marriott Bonvoy Business American Express Card,Amex,business,125,125,125,hotel,Marriott Bonvoy Points,Marriott ,6 / 4 / 2,0.5,100000,points,333,"$1,000",0.3330,3,,No,Businesses with Marriott stays seeking Gold Elite and 7% room discount,Mid-tier Marriott business card with Gold status 7% Amex rate and dual free nights,â€¢ 6Ã— Marriott âœ“ â€¢ 4Ã— restaurants gas wireless shipping âœ“ â€¢ Free night (35k) âœ“ â€¢ Gold Elite âœ“ â€¢ 7% room discount âœ“ â€¢ No FX fee âœ“,â€¢ $125 annual fee ğŸ’° â€¢ Free night caps at 35k â€¢ Marriott loyalty needed,https://www.americanexpress.com/us/credit-cards/business/business-credit-cards/amex-marriott-bonvoy-business-credit-card/,0%,,,7% room discount; 15 Elite Night Credits,2nd free night after $60k; Air+Car transfer
Delta SkyMiles Gold Business American Express Card,Amex,business,150,0,150,airline,Delta SkyMiles,Delta ,2 / 2 / 1,0.5,60000,miles,600,"$6,000",0.1000,6,,No,Small businesses with moderate Delta travel wanting $200 flight credit,Entry-mid Delta business card with $200 credit $150 Delta Stays and free first year,â€¢ First year free âœ“ â€¢ $200 Delta credit after $10k âœ“ â€¢ $150 Delta Stays âœ“ â€¢ Free bag âœ“ â€¢ 15% Award Travel âœ“ â€¢ No FX fee âœ“,â€¢ $150 after year 1 ğŸ’° â€¢ Credits need Delta use â€¢ Best for several Delta/yr,https://www.americanexpress.com/en-us/business/credit-cards/delta-skymiles-gold/,0%,,,$200 Delta credit ($10k spend),$150 Delta Stays; 20% inflight
Delta SkyMiles Platinum Business American Express Card,Amex,business,350,350,350,airline,Delta SkyMiles,Delta ,3 / 1.5 / 1,0.5,90000,miles,900,"$8,000",0.1125,6,,No,Frequent Delta business travelers seeking companion certificate and MQD boost,Premium Delta business card with Companion Certificate GE/TSA and $400+ in credits,â€¢ Companion certificate âœ“ â€¢ GE/TSA credit âœ“ â€¢ $120 Resy + $120 Rideshare + $200 Delta Stays âœ“ â€¢ MQD Headstart $2.5k âœ“ â€¢ Free bags âœ“ â€¢ No FX fee âœ“,â€¢ $350 annual fee ğŸ’° â€¢ Companion cert restrictions â€¢ Best for regular Delta travel,https://www.americanexpress.com/en-us/business/credit-cards/delta-skymiles-platinum/,0%,,,Companion cert; GE/TSA credit,$120 Resy + $120 Rideshare + $200 Delta Stays
The Business Platinum Card from American Express,Amex,business,695,695,695,travel,Membership Rewards (MR),,,0.5,150000,points,1500,"$8,000",0.1875,6,,No,High-spend businesses needing premium travel benefits and credits,Flagship Amex business card with luxury perks and flexible points,"â€¢ 1.5Ã— on $5k+ purchases âœ“ â€¢ Dell, Adobe, Indeed credits âœ“ â€¢ Centurion + lounges âœ“ â€¢ Doesn't count 5/24",â€¢ $695 annual fee ğŸ’° â€¢ Credits need optimization â€¢ Best for heavy biz travel,https://www.americanexpress.com/us/credit-cards/business/business-credit-cards/american-express-business-platinum-credit-card-amex/,0%,Centurion + Priority Pass + others,Yes ($120/4yr),Dell Adobe Indeed credits,1.5Ã— on $5k+ purchases
Blue Business Plus Credit Card from American Express,Amex,business,0,0,0,travel,Membership Rewards (MR),,2,0.5,15000,points,150,"$3,000",0.0500,3,,No,Small businesses wanting no-fee Membership Rewards earning,Entry business card with flat Membership Rewards and no annual fee,â€¢ No annual fee âœ“ â€¢ 2Ã— on all (up to $50k/yr) âœ“ â€¢ Transferable MR âœ“ â€¢ Doesn't count 5/24,â€¢ 2Ã— capped at $50k/yr â€¢ Lower bonus â€¢ No premium perks,https://www.americanexpress.com/us/credit-cards/business/business-credit-cards/american-express-blue-business-plus-credit-card-amex/,0%,,,2Ã— up to $50k/yr,Expanded Buying Power
Business Gold Card from American Express,Amex,business,375,375,375,travel,Membership Rewards (MR),,4 / 3 / 1,0.5,70000,points,700,"$10,000",0.0700,3,,No,Businesses with concentrated spend in two categories wanting 4Ã— plus FedEx Grubhub Office Supply credits,Business Gold with 4Ã— on top 2 of 6 categories 3Ã— AmexTravel and up to $395 annual credits,â€¢ 4Ã— top 2 categories (advertising electronics restaurants gas transit wireless) âœ“ â€¢ 3Ã— AmexTravel âœ“ â€¢ $240 FedEx Grubhub Office Supply âœ“ â€¢ $155 Walmart+ âœ“ â€¢ No FX fee âœ“,â€¢ $375 annual fee ğŸ’° â€¢ Top 2 categories change by billing cycle â€¢ Credits need enrollment,https://www.americanexpress.com/us/credit-cards/business/business-credit-cards/american-express-business-gold-card-amex/,0%,,,$240 FedEx Grubhub Office Supply credit,$155 Walmart+ credit
Breeze Easy Visa,Barclays,personal,89,89,89,airline,BreezePoints,,10 / 4 / 2 / 1,0.5,30000,points,300,"$1,000",0.3000,3,0% for 12 months balance transfer,No,Breeze Airways flyers in select markets wanting BreezePoints and Breezy 1 benefits,Breeze co-brand with up to 10Ã— on Nicer/Nicest Bundles 2Ã— grocery/restaurants and 7.5k anniversary,â€¢ 30k BreezePoints ($300) âœ“ â€¢ 10Ã— Nicer/Nicest 4Ã— Nice 2Ã— grocery/restaurants âœ“ â€¢ 7500 anniversary âœ“ â€¢ No FX fee âœ“,â€¢ $89 annual fee ğŸ’° â€¢ Breeze routes only â€¢ BreezePoints redeem Breeze only,https://cards.barclaycardus.com/banking/cards/breeze-airways/,0%,,,7500 BreezePoints anniversary; Breezy 1 + Bundle Upgrade,2Ã— grocery & restaurants; Free inflight WiFi
Wyndham Rewards Earner Visa,Barclays,personal,0,0,0,hotel,Wyndham Rewards,Wyndham ,6 / 2 / 1,0.5,0,,0,$0,,0,,Yes,Casual Wyndham guests wanting no-fee hotel earning across economy brands,No-fee Wyndham co-brand for economy hotel loyalty,"â€¢ 6Ã— Wyndham âœ“ â€¢ 2Ã— gas, restaurants, grocery â€¢ No annual fee âœ“",â€¢ Wyndham points lower value ğŸ“‰ â€¢ Foreign transaction fee ğŸŒ â€¢ No signup bonus,https://www.wyndhamhotels.com/wyndham-rewards/hotel-deals/wyndham-rewards-credit-card,,,,,
Wells Fargo Signify Business Cash,Wells Fargo,business,0,0,0,cashback,Cash,,2,2.0,500,dollars,500,"$5,000",0.1000,3,0% for 12 months,,Businesses wanting simple unlimited 2% cash back with no annual fee,Unlimited 2% cash back no caps; $500 bonus; rewards don't expire; Priority Pass; employee cards no fee.,â€¢ 2% on all business âœ“ â€¢ $500 bonus ($5k in 3 mo) âœ“ â€¢ No annual fee âœ“ â€¢ Priority Pass (pay per visit) âœ“ â€¢ Rewards don't expire âœ“,â€¢ $5k spend for bonus â€¢ No category bonuses â€¢ Statement credit only â€¢ Lounge fees apply,https://creditcards.wellsfargo.com/business-credit-cards/signify-business-cash-credit-card/,,Priority Pass (pay per visit; fees apply),,$500 bonus when you spend $5k in first 3 months,0% intro APR 12 mo; Employee cards no extra cost; Travel Accident $250k; MasterRental
Wells Fargo Choice Privileges Select Mastercard,Wells Fargo,personal,95,95,95,hotel,Choice Privileges,Choice ,10 / 5 / 1,0.5,60000,points,600,"$3,000",0.2000,3,,No,Choice Hotels loyalists wanting Platinum Elite and strong category earning,Premium Choice co-brand with 10Ã— at Choice and 30k anniversary bonus,â€¢ 60k pts after $3k âœ“ â€¢ 10Ã— Choice âœ“ â€¢ 30k anniversary + Platinum Elite âœ“ â€¢ No FX fee âœ“,â€¢ $95 annual fee ğŸ’° â€¢ 15-mo Choice rule â€¢ Economy brands only,https://creditcards.wellsfargo.com/wells-fargo-choice-privileges-credit-cards/,0%,,,30k anniversary pts; Platinum Elite; 20 Elite Nights,GE/TSA $120/4yr; Cell phone $800
Wells Fargo Choice Privileges Mastercard,Wells Fargo,personal,0,0,0,hotel,Choice Privileges,Choice ,5 / 3 / 1,0.5,60000,points,600,"$1,000",0.6000,3,,No,Choice Hotels guests wanting no-fee earning and Gold Elite,No-fee Choice co-brand with solid category multipliers,â€¢ 60k pts after $1k âœ“ â€¢ 5Ã— Choice âœ“ â€¢ Gold Elite â€¢ No annual fee âœ“ â€¢ No FX fee âœ“,â€¢ 15-mo Choice rule â€¢ Lower earn than Select â€¢ Economy brands,https://creditcards.wellsfargo.com/wells-fargo-choice-privileges-credit-cards/,0%,,,Gold Elite; 10 Elite Qualifying Nights,Cell phone protection $800
Wells Fargo One Key+ Card,Wells Fargo,personal,99,99,99,travel,Wells Fargo Rewards,,3 / 3 / 2,0.5,350,dollars,350,"$3,000",0.1167,3,,No,Expedia Hotels.com Vrbo bookers wanting premium OneKeyCash earning,Premium One Key card with 3Ã— on Expedia group and $100 annual OneKeyCash,"â€¢ 3Ã— Expedia, Hotels.com, Vrbo âœ“ â€¢ $350 + $100/yr OneKeyCash âœ“ â€¢ Gold tier âœ“ â€¢ No FX fee âœ“",â€¢ $99 annual fee ğŸ’° â€¢ OneKeyCash Expedia only â€¢ 48-mo One Key rule,https://creditcards.wellsfargo.com/one-key-plus-credit-card/,0%,,,$100 OneKeyCash anniversary; Gold tier (Platinum at $30k),GE/TSA $120/4yr; Cell phone $1000
Wells Fargo One Key Card,Wells Fargo,personal,0,0,0,travel,Wells Fargo Rewards,,3 / 3 / 1.5,0.5,250,dollars,250,"$1,000",0.2500,3,,No,Expedia Hotels.com Vrbo bookers wanting no-fee OneKeyCash earning,No-fee One Key card for Expedia group travel rewards,â€¢ 3Ã— Expedia group âœ“ â€¢ $250 OneKeyCash âœ“ â€¢ No annual fee âœ“ â€¢ No FX fee âœ“,â€¢ OneKeyCash Expedia only â€¢ 48-mo One Key rule â€¢ Lower than One Key+,https://creditcards.wellsfargo.com/one-key-credit-card/,0%,,,Silver tier; Gold at $15k spend/yr,Cell phone protection $1000
Wells Fargo Autograph Card,Wells Fargo,personal,0,0,0,travel,Wells Fargo Rewards,,3 / 1,0.5,20000,points,200,"$1,000",0.2000,3,0% for 12 months,No,Travel dining gas transit streaming and phone spenders wanting no annual fee,No-fee 3Ã— card for restaurants travel gas transit streaming phone plans,"â€¢ 3Ã— travel, dining, gas, streaming, phone âœ“ â€¢ 20k pts ($200) âœ“ â€¢ No annual fee âœ“ â€¢ No FX fee âœ“",â€¢ 48-mo bonus rule â€¢ 6-mo WF rule â€¢ Partners weaker vs Chase/Amex ğŸ“‰,https://creditcards.wellsfargo.com/autograph-visa-credit-card/,0%,,,3Ã— restaurants travel gas transit streaming phone,Cell phone protection $600; 0% intro 12 mo
Wells Fargo Autograph Journey Card,Wells Fargo,personal,95,95,95,travel,Wells Fargo Rewards,,5 / 4 / 3 / 1,0.5,60000,points,600,"$4,000",0.1500,3,,No,Frequent travelers wanting strong hotel and airline multipliers with manageable annual fee,Premium travel card with 5Ã— hotels 4Ã— airlines and $50 airline credit,"â€¢ 5Ã— hotels, 4Ã— airlines âœ“ â€¢ 60k pts ($600) âœ“ â€¢ $50 airline credit âœ“ â€¢ No FX fee âœ“",â€¢ $95 annual fee ğŸ’° â€¢ 48-mo bonus rule â€¢ $50 credit needs $50+ airline,https://creditcards.wellsfargo.com/autograph-journey-visa-credit-card/,0%,,,$50 airline credit (min $50 purchase),Cell phone $1000; Trip cancellation coverage
